pid,date,segment,circdnrtn,numberofsignificantplaces,radiusgyration,timeathome,totaldistance,duration_in_locmap_exercise,duration_in_locmap_greens,duration_in_locmap_study,datetime
INS-W_1036,2021-03-29,allday,0.0859053497942387,7.0,2366.54449030945,108.284216666667,14456.2604669768,0.0,0.9999,0.0,2021-03-29 12:00:00
INS-W_1036,2021-03-30,allday,0.676084203861982,2.0,42.9507317430694,1302.6786,2427.01751138199,0.0,0.0,0.0,2021-03-30 12:00:00
INS-W_1036,2021-03-31,allday,0.629787907565685,14.0,1103.23924235244,1261.96361666668,25913.120426807,0.0,0.0,0.0,2021-03-31 12:00:00
INS-W_1036,2021-04-01,allday,0.608341247230136,16.0,1182.65468204864,1198.6536,33760.1140593681,5.9992,7.00026666666667,0.0,2021-04-01 12:00:00
INS-W_1036,2021-04-02,allday,0.469294080405192,10.0,6590.78837273541,824.24193333334,40275.3291782695,0.0,0.0,0.0,2021-04-02 12:00:00
INS-W_1036,2021-04-03,allday,0.0740740740740741,11.0,1278.22670282329,0.0,47837.7482176315,0.0,0.0,0.0,2021-04-03 12:00:00
INS-W_1036,2021-04-04,allday,0.150205761316872,16.0,7635.14994119776,191.713333333334,59523.9349161015,0.0015333333333333,6.99743333333333,4.00246666666667,2021-04-04 12:00:00
INS-W_1036,2021-04-05,allday,0.633388730610953,11.0,334.314057411882,1210.94193333334,13115.4636566724,5.99941666666667,8.99881666666667,0.0,2021-04-05 12:00:00
INS-W_1036,2021-04-06,allday,0.565645773979107,12.0,3234.14907529494,912.215250000005,91148.1975567159,0.0,0.0,0.0,2021-04-06 12:00:00
INS-W_1036,2021-04-07,allday,0.561016144349478,8.0,2374.72364024813,1088.95588333334,42379.5115316188,0.0,0.0,0.0,2021-04-07 12:00:00
INS-W_1036,2021-04-08,allday,0.358341247230136,19.0,2421.94960690432,64.9934333333333,63773.4860941305,3.99953333333333,0.0,0.0,2021-04-08 12:00:00
INS-W_1036,2021-04-09,allday,0.342473884140551,8.0,1917.57228835936,15.9975,44323.0579785914,0.0,0.0,0.0,2021-04-09 12:00:00
INS-W_1036,2021-04-10,allday,0.456157011712567,10.0,1321.88122507544,836.972750000008,27964.1227423165,0.0,0.0,0.0,2021-04-10 12:00:00
INS-W_1036,2021-04-11,allday,0.605690091801203,7.0,776.3802245348,1103.68510000001,13377.7565430534,0.0,0.0,0.0,2021-04-11 12:00:00
INS-W_1036,2021-04-12,allday,0.620528648306426,3.0,199.483925860345,1039.25045,9512.43081902498,0.0,114.996133333333,5.0004,2021-04-12 12:00:00
INS-W_1036,2021-04-13,allday,0.609211775878443,4.0,740.487508480109,353.694333333334,26562.9417424343,0.0,0.0,0.0,2021-04-13 12:00:00
INS-W_1036,2021-04-14,allday,0.649335232668566,4.0,554.205535919676,1276.95148333334,12853.8270374213,7.99925,5.0004,0.0,2021-04-14 12:00:00
INS-W_1036,2021-04-15,allday,0.624643874643875,13.0,697.595628937914,1214.25088333334,19544.0089656873,47.9956833333333,1.99943333333333,0.0,2021-04-15 12:00:00
INS-W_1036,2021-04-16,allday,0.5696027223805,15.0,5410.00687260672,1095.66160000001,76623.5202017998,2.0005,28.0011333333333,0.0,2021-04-16 12:00:00
INS-W_1036,2021-04-17,allday,0.570196264640709,10.0,2378.38604981699,1048.97588333334,23674.6629405617,2.00178333333333,0.0,0.0,2021-04-17 12:00:00
INS-W_1036,2021-04-18,allday,0.696145932257043,1.0,0.0,1438.96490000003,145.703808932409,0.0,0.0,0.0,2021-04-18 12:00:00
INS-W_1036,2021-04-19,allday,0.622071858182969,6.0,1990.12612253454,1184.78188333334,31107.3740870225,87.0008333333333,0.0,0.0,2021-04-19 12:00:00
INS-W_1036,2021-04-20,allday,0.527144666033555,13.0,2938.98015915198,701.825783333334,81349.3534310594,5.00653333333333,77.0003666666666,0.0,2021-04-20 12:00:00
INS-W_1036,2021-04-21,allday,0.6946027223805,2.0,98.0516625909365,1239.60688333334,23229.5375949595,0.0,3.00216666666667,0.0,2021-04-21 12:00:00
INS-W_1036,2021-04-22,allday,0.54079613801836,7.0,3355.59258834572,784.456166666669,101802.720333944,5.99885,0.0,0.0,2021-04-22 12:00:00
INS-W_1036,2021-04-23,allday,0.49758626147515,13.0,3553.60202374061,5.00125,57217.0696805891,0.0,6.99771666666667,0.0,2021-04-23 12:00:00
INS-W_1036,2021-04-24,allday,0.34599556821779,17.0,6527.5975329501,440.843683333334,142450.780145165,0.99285,0.0,0.0,2021-04-24 12:00:00
INS-W_1036,2021-04-25,allday,0.214506172839506,13.0,7195.04928490852,243.4862,140182.462856408,0.0,0.0,0.0,2021-04-25 12:00:00
INS-W_1036,2021-04-26,allday,0.507359924026591,12.0,4422.75828251382,566.493966666666,118575.679261124,0.0,3.00713333333333,0.0,2021-04-26 12:00:00
INS-W_1036,2021-04-27,allday,0.416824944602722,18.0,3968.46284819461,76.9718666666666,166312.956719693,8.99968333333334,0.0,0.0,2021-04-27 12:00:00
INS-W_1036,2021-04-28,allday,0.0792181069958848,3.0,1013.30967276437,91.9987833333333,30384.0452335577,0.999983333333333,0.0,0.0,2021-04-28 12:00:00
INS-W_1036,2021-04-29,allday,0.512503956948401,8.0,763.132468591945,614.763449999999,45576.015622111,0.0,2.01855,0.0,2021-04-29 12:00:00
INS-W_1036,2021-04-30,allday,0.364355808800253,6.0,1806.30315516756,261.006466666667,134997.946847736,0.999983333333333,0.0,0.0,2021-04-30 12:00:00
INS-W_1036,2021-05-01,allday,0.542853751187085,4.0,7913.58183610794,589.821316666668,155199.667894463,0.0,0.0,0.0,2021-05-01 12:00:00
INS-W_1036,2021-05-02,allday,0.561372269705603,5.0,1722.45194274827,1081.12428333333,38292.2161380753,1.9993,0.0,0.0,2021-05-02 12:00:00
INS-W_1036,2021-05-03,allday,0.638018360240582,4.0,3096.6608339778,1005.9714,37477.263385573,0.0,0.0,0.0,2021-05-03 12:00:00
INS-W_1036,2021-05-04,allday,0.557929724596391,12.0,2286.64816406952,574.73215,35658.5676228468,0.0,0.0,0.0,2021-05-04 12:00:00
INS-W_1036,2021-05-05,allday,0.635604621715733,2.0,160.174778070697,469.845716666667,84966.7862020112,0.0,129.027716666667,0.0,2021-05-05 12:00:00
INS-W_1036,2021-05-06,allday,0.626187084520418,8.0,1077.27489188951,470.680483333334,143241.864435316,22.8677166666667,4.96805,4.98926666666667,2021-05-06 12:00:00
INS-W_1036,2021-05-07,allday,0.527421652421652,5.0,1430.02179415006,423.289233333334,79512.2758928548,0.0,0.0,0.0,2021-05-07 12:00:00
INS-W_1036,2021-05-08,allday,0.413382399493511,17.0,6414.66534604125,214.889283333334,200591.897373131,0.991616666666667,0.0,0.0,2021-05-08 12:00:00
INS-W_1036,2021-05-09,allday,0.0689300411522634,10.0,6828.03291204325,0.0,154572.416449872,2.00108333333333,0.0,0.0,2021-05-09 12:00:00
INS-W_1036,2021-05-10,allday,0.302469135802469,3.0,1667.01366866186,240.023466666667,67448.1940922258,1.98883333333333,0.0,0.0,2021-05-10 12:00:00
INS-W_1036,2021-05-11,allday,0.546454574232352,3.0,1806.35909815064,480.440900000001,94471.5090890423,0.0,0.0,0.0,2021-05-11 12:00:00
INS-W_1036,2021-05-12,allday,0.357985121874011,3.0,3395.3382164733,203.500583333334,193731.853212343,0.0,0.0,0.0,2021-05-12 12:00:00
INS-W_1036,2021-05-13,allday,0.440289648622982,5.0,3467.94095875757,0.0,254649.540481385,0.0,0.0,0.0,2021-05-13 12:00:00
INS-W_1036,2021-05-14,allday,0.540242165242165,7.0,4206.7670001267,148.793783333333,286540.662156101,0.0,71.0408666666666,0.0,2021-05-14 12:00:00
INS-W_1036,2021-05-15,allday,0.568573915796138,13.0,3934.23435190996,438.636483333334,133632.000370079,0.0,0.0,0.0,2021-05-15 12:00:00
INS-W_1036,2021-05-16,allday,0.534623298512187,8.0,1629.17759292142,475.171400000001,102709.814264268,33.7726833333333,0.0,0.0,2021-05-16 12:00:00
INS-W_1036,2021-05-17,allday,0.624129471351694,8.0,2133.27580744806,709.589833333334,137862.864608069,0.0,0.0102,0.0,2021-05-17 12:00:00
INS-W_1036,2021-05-18,allday,0.49002849002849,9.0,4151.07056553542,671.951183333335,79101.3261537036,3.99283333333333,0.0,0.0,2021-05-18 12:00:00
INS-W_1036,2021-05-19,allday,0.11059670781893,6.0,2769.34555305463,112.678683333333,36040.5815316172,1.00108333333333,0.999416666666667,0.0,2021-05-19 12:00:00
INS-W_1036,2021-05-20,allday,0.647792022792023,6.0,1916.40491183839,835.806766666673,106371.276329828,3.98056666666667,0.0,0.0,2021-05-20 12:00:00
INS-W_1036,2021-05-21,allday,0.591722063944286,7.0,1050.58485065784,190.783533333333,170257.272767031,0.0,0.0,0.0,2021-05-21 12:00:00
INS-W_1036,2021-05-22,allday,0.485754985754986,10.0,3993.95445168117,406.564166666668,172357.25098429,0.0106666666666667,0.0,0.0,2021-05-22 12:00:00
INS-W_1036,2021-05-23,allday,0.640234251345362,2.0,947.129885678871,523.887866666667,133468.061948759,0.0,0.0,0.0,2021-05-23 12:00:00
INS-W_1036,2021-05-24,allday,0.618471035137702,7.0,852.020933212845,642.442483333334,89681.6540004053,2.99896666666667,0.0,0.0,2021-05-24 12:00:00
INS-W_1036,2021-05-25,allday,0.635960747071858,4.0,189.713780477115,535.53165,88778.1711100102,0.0,39.9471666666667,0.990366666666667,2021-05-25 12:00:00
INS-W_1036,2021-05-26,allday,0.696145932257043,1.0,0.0,933.519349999999,31773.508135018,0.0,0.0,0.0,2021-05-26 12:00:00
INS-W_1036,2021-05-27,allday,0.584520417853751,5.0,352.534830519249,696.772616666667,66198.4162112933,0.0,1.98073333333333,0.990533333333333,2021-05-27 12:00:00
INS-W_1036,2021-05-28,allday,0.525878442545109,7.0,5457.38526483954,576.337383333335,105863.664779674,0.0,0.0,0.0,2021-05-28 12:00:00
INS-W_1036,2021-05-29,allday,0.109053497942387,23.0,5969.69889094409,36.9827166666667,161261.398809049,2.99993333333333,31.83385,0.0,2021-05-29 12:00:00
INS-W_1036,2021-05-30,allday,0.604661285216841,7.0,2582.50869286673,626.572100000001,78577.7482533821,91.0092,0.0,0.0,2021-05-30 12:00:00
INS-W_1036,2021-05-31,allday,0.554685026907249,10.0,741.719095130778,561.995483333334,89289.7535979108,47.0008666666667,0.0,0.0,2021-05-31 12:00:00
INS-W_1036,2021-06-01,allday,0.58622190566635,5.0,1065.3212217834,733.4238,123515.816331564,0.0,0.0,0.0,2021-06-01 12:00:00
INS-W_1036,2021-06-02,allday,0.602524533080089,9.0,740.691579118119,633.99945,81003.728594459,57.0711666666667,3.9928,8.02821666666667,2021-06-02 12:00:00
INS-W_1036,2021-06-03,allday,0.597380500158278,8.0,2555.26626195379,617.162283333333,101708.331945387,0.0,0.0,0.0,2021-06-03 12:00:00
INS-W_1036,2021-06-04,allday,0.439696106362773,14.0,1428.83671900243,440.703916666667,38418.3844347701,18.0006833333333,4.00068333333333,0.0,2021-06-04 12:00:00
INS-W_1036,2021-06-05,allday,0.421098448876227,20.0,4015.90285098235,231.98945,123652.529246265,0.0,0.0,0.0,2021-06-05 12:00:00
INS-W_1036,2021-06-06,allday,0.394428616650839,8.0,7105.55788699557,797.244666666666,88157.1292032554,1.00005,0.0,0.0,2021-06-06 12:00:00
INS-W_1044,2021-03-29,allday,0.700617283950617,4.0,456.146205899826,1150.93141666668,18052.5727298874,0.0,0.0,0.0,2021-03-29 12:00:00
INS-W_1044,2021-03-30,allday,0.419495884773663,4.0,2036.17277033138,783.005750000007,21261.852310457,0.0,0.0,0.0,2021-03-30 12:00:00
INS-W_1044,2021-03-31,allday,0.084619341563786,12.0,2546.29559376334,60.9894,146689.557151014,0.0,0.0,0.0,2021-03-31 12:00:00
INS-W_1044,2021-04-01,allday,0.407407407407407,9.0,3167.68385618916,608.220883333334,28788.022950392,0.0,0.0,0.0,2021-04-01 12:00:00
INS-W_1044,2021-04-02,allday,0.454475308641975,16.0,2551.77057592876,558.555616666668,112644.568926052,0.0,0.0,0.0,2021-04-02 12:00:00
INS-W_1044,2021-04-03,allday,0.0411522633744856,27.0,29812.2560995244,0.0,389495.331758107,1.0001,0.0,0.0,2021-04-03 12:00:00
INS-W_1044,2021-04-04,allday,0.274434156378601,7.0,1794.40738091601,437.964816666667,59110.7139270395,0.0,0.0,0.0,2021-04-04 12:00:00
INS-W_1044,2021-04-05,allday,0.130915637860082,8.0,966.677298521485,99.98515,49950.9065374291,0.0,0.0,0.0,2021-04-05 12:00:00
INS-W_1044,2021-04-06,allday,0.0859053497942387,6.0,845.110373656857,2.99938333333333,44804.466562089,0.0,0.0,0.0,2021-04-06 12:00:00
INS-W_1044,2021-04-07,allday,0.0720164609053498,7.0,737.790055830585,54.9858666666667,36185.9170970677,0.0,0.0,0.0,2021-04-07 12:00:00
INS-W_1044,2021-04-08,allday,0.121656378600823,5.0,895.810548659524,6.99921666666667,34684.0231029151,0.0,0.0,0.0,2021-04-08 12:00:00
INS-W_1044,2021-04-09,allday,0.0977366255144033,15.0,3385.16623230358,19.9934,61343.8634448611,0.0,0.0,0.0,2021-04-09 12:00:00
INS-W_1044,2021-04-10,allday,0.207047325102881,7.0,1601.39233297938,288.434816666667,39129.2769156227,0.0,0.0,0.0,2021-04-10 12:00:00
INS-W_1044,2021-04-11,allday,0.639917695473251,14.0,2518.51611028189,1115.60326666668,72873.6333302095,0.0,0.0,0.0,2021-04-11 12:00:00
INS-W_1044,2021-04-12,allday,0.632458847736626,5.0,919.727658462986,960.729816666671,25191.0288248264,0.0,0.0,0.0,2021-04-12 12:00:00
INS-W_1044,2021-04-13,allday,0.619341563786008,7.0,1533.0491547611,1141.29473333334,61108.2948039672,0.0,0.0,0.0,2021-04-13 12:00:00
INS-W_1044,2021-04-14,allday,0.568415637860082,6.0,1138.92443799593,1035.86145000001,45527.8840918276,0.0,0.0,0.0,2021-04-14 12:00:00
INS-W_1044,2021-04-15,allday,0.674382716049383,5.0,908.972237395443,1172.41586666668,13493.9520842041,0.0,0.0,0.0,2021-04-15 12:00:00
INS-W_1044,2021-04-16,allday,0.590792181069959,6.0,2058.00095342925,1156.1743,30552.31768526,0.0,0.0,0.0,2021-04-16 12:00:00
INS-W_1044,2021-04-17,allday,0.448816872427984,16.0,31489.0882372214,841.590133333334,232805.750198236,0.0,0.0,0.0,2021-04-17 12:00:00
INS-W_1044,2021-04-18,allday,0.531635802469136,21.0,19046.0911810485,1030.56403333334,247443.180706607,0.0,0.0,0.0,2021-04-18 12:00:00
INS-W_1044,2021-04-19,allday,0.702160493827161,3.0,323.282688968135,1370.91108333335,12596.5421923232,0.0,0.0,0.0,2021-04-19 12:00:00
INS-W_1044,2021-04-20,allday,0.670267489711934,5.0,1395.77831239833,1295.93700000001,14415.7615159984,0.0,0.0,0.0,2021-04-20 12:00:00
INS-W_1044,2021-04-21,allday,0.566872427983539,21.0,14542.7016609464,1116.78715,149863.375872116,80.9980333333333,0.0,0.0,2021-04-21 12:00:00
INS-W_1044,2021-04-22,allday,0.481481481481482,6.0,3060.97867284201,559.126333333335,47900.8950646068,0.0,0.0,0.0,2021-04-22 12:00:00
INS-W_1044,2021-04-23,allday,0.171553497942387,7.0,1663.18525134272,74.9639833333333,42215.4637784092,0.0,0.0,0.0,2021-04-23 12:00:00
INS-W_1044,2021-04-24,allday,0.2934670781893,11.0,4391.14323780482,424.841683333332,57800.8250543143,0.0,0.0,0.0,2021-04-24 12:00:00
INS-W_1044,2021-04-25,allday,0.58641975308642,5.0,2481.71208599227,879.578883333333,35659.2112474572,0.0,0.0,0.0,2021-04-25 12:00:00
INS-W_1044,2021-04-26,allday,0.656378600823045,15.0,3030.91590494173,1037.24513333334,69016.0492100673,0.0,0.0,0.0,2021-04-26 12:00:00
INS-W_1044,2021-04-27,allday,0.667181069958848,5.0,1531.15747190882,1183.56153333334,37551.4145032622,0.0,0.0,0.0,2021-04-27 12:00:00
INS-W_1044,2021-04-28,allday,0.676954732510288,16.0,2240.68487298837,1279.92303333334,96411.1796986987,0.0,0.0,0.0,2021-04-28 12:00:00
INS-W_1044,2021-04-29,allday,0.674382716049383,3.0,978.739727262625,1330.92490000001,9613.88387069623,0.0,0.0,0.0,2021-04-29 12:00:00
INS-W_1044,2021-04-30,allday,0.592335390946502,9.0,3021.54836374081,1123.9554,51196.9261938374,0.0,0.0,0.0,2021-04-30 12:00:00
INS-W_1044,2021-05-01,allday,0.602366255144033,12.0,3044.34028607198,1146.47711666667,64253.1631525717,0.0,0.0,0.0,2021-05-01 12:00:00
INS-W_1044,2021-05-02,allday,0.323816872427984,18.0,6103.86559785145,551.701133333333,113975.539545535,0.0,0.0,0.0,2021-05-02 12:00:00
INS-W_1044,2021-05-03,allday,0.125514403292181,21.0,11822.6404710115,34.9979,143462.072985369,3.0006,1.0003,0.0,2021-05-03 12:00:00
INS-W_1044,2021-05-04,allday,0.359825102880658,6.0,3074.4664202201,506.895433333332,45772.8803645947,0.0,0.0,0.0,2021-05-04 12:00:00
INS-W_1044,2021-05-05,allday,0.661008230452675,4.0,904.880613340265,1260.84868333334,19087.0192870164,0.0,0.0,0.0,2021-05-05 12:00:00
INS-W_1044,2021-05-06,allday,0.537037037037037,13.0,7240.8604302217,1000.89556666668,93600.7571853995,0.0,0.0,0.0,2021-05-06 12:00:00
INS-W_1044,2021-05-07,allday,0.615740740740741,10.0,4478.1976469987,1099.31693333334,60480.489962236,0.0,0.0,0.0,2021-05-07 12:00:00
INS-W_1044,2021-05-08,allday,0.542438271604938,10.0,3606.16862628961,957.025716666678,94472.5924336245,0.0,0.0,0.0,2021-05-08 12:00:00
INS-W_1044,2021-05-09,allday,0.67798353909465,3.0,529.69771213148,1287.81296666668,19576.834081086,0.0,0.0,0.0,2021-05-09 12:00:00
INS-W_1044,2021-05-10,allday,0.489969135802469,17.0,19447.77981085,820.131599999999,186565.960088353,89.6147833333333,1.00748333333333,0.0,2021-05-10 12:00:00
INS-W_1044,2021-05-11,allday,0.593106995884774,7.0,2866.6128967326,510.651983333333,161523.421320189,0.0,0.0,0.0,2021-05-11 12:00:00
INS-W_1044,2021-05-12,allday,0.274691358024691,17.0,17596.9423257203,371.039683333333,147084.086056415,105.998883333333,0.0,0.0,2021-05-12 12:00:00
INS-W_1044,2021-05-13,allday,0.674382716049383,4.0,886.237775073805,1198.84120000001,16077.7965001286,0.0,0.0,0.0,2021-05-13 12:00:00
INS-W_1044,2021-05-14,allday,0.621913580246914,11.0,3016.50678697541,1165.17506666667,53463.1901416164,0.0,0.0,0.0,2021-05-14 12:00:00
INS-W_1044,2021-05-15,allday,0.702160493827161,1.0,0.0,1396.44486666667,3495.5727714094,0.0,0.0,0.0,2021-05-15 12:00:00
INS-W_1044,2021-05-16,allday,0.617798353909465,4.0,2039.20323497313,1160.5066,22026.4670095167,0.0,0.0,0.0,2021-05-16 12:00:00
INS-W_1044,2021-05-17,allday,0.556841563786008,24.0,16971.32485414,1095.14096666667,146283.151604119,43.999,6.99866666666667,8.00006666666667,2021-05-17 12:00:00
INS-W_1044,2021-05-18,allday,0.524434156378601,6.0,2861.94760220103,975.794566666675,34130.7116769622,0.0,0.0,0.0,2021-05-18 12:00:00
INS-W_1044,2021-05-19,allday,0.315586419753086,4.0,4908.90597415105,469.637149999999,95628.6326139432,0.0,0.0,0.0,2021-05-19 12:00:00
INS-W_1044,2021-05-20,allday,0.702160493827161,4.0,600.733137644685,1338.77023333334,21116.4982479658,0.0,0.0,0.0,2021-05-20 12:00:00
INS-W_1044,2021-05-21,allday,0.400205761316872,14.0,7843.79173460142,735.505700000003,136227.944657728,0.0,0.0,0.0,2021-05-21 12:00:00
INS-W_1044,2021-05-22,allday,0.153549382716049,14.0,13340.6992939524,33.99265,105640.363732823,0.0,0.0,0.0,2021-05-22 12:00:00
INS-W_1044,2021-05-23,allday,0.112139917695473,14.0,14729.306643323,37.9989833333333,100237.914569015,0.0,47.9992666666667,0.0,2021-05-23 12:00:00
INS-W_1044,2021-05-24,allday,0.130658436213992,7.0,3140.12044258308,11.9991666666667,66422.5754714944,0.0,0.0,0.0,2021-05-24 12:00:00
INS-W_1044,2021-05-25,allday,0.146604938271605,8.0,933.918239230554,14.9986666666667,34271.6416958404,0.0,0.0,0.0,2021-05-25 12:00:00
INS-W_1044,2021-05-26,allday,0.25488683127572,5.0,2684.68327854954,309.881300000001,33655.8432794088,0.0,0.0,0.0,2021-05-26 12:00:00
INS-W_1044,2021-05-27,allday,0.593621399176955,8.0,4563.06417670375,1089.83211666668,58841.946561885,0.0,0.0,0.0,2021-05-27 12:00:00
INS-W_1044,2021-05-28,allday,0.625257201646091,10.0,3497.03590350353,1141.83548333334,61022.8471809519,0.0,0.0,0.0,2021-05-28 12:00:00
INS-W_1044,2021-05-29,allday,0.442644032921811,33.0,64308.606659753,816.701233333335,655222.029330029,0.0,0.0,0.0,2021-05-29 12:00:00
INS-W_1044,2021-05-30,allday,0.426954732510288,9.0,27429.8467602408,813.364866666674,122121.649591477,0.0,0.0,0.0,2021-05-30 12:00:00
INS-W_1044,2021-05-31,allday,0.63940329218107,7.0,1659.2288595738,864.019816666666,75025.5283678221,0.0,0.0,0.0,2021-05-31 12:00:00
INS-W_1044,2021-06-01,allday,0.605452674897119,20.0,3167.04761930158,1159.93366666667,164720.23063394,0.0,0.0,0.0,2021-06-01 12:00:00
INS-W_1044,2021-06-02,allday,0.55761316872428,14.0,3839.7628375136,1069.78925000001,53819.9816539323,0.0,0.0,0.0,2021-06-02 12:00:00
INS-W_1044,2021-06-03,allday,0.637345679012346,5.0,1661.43926727404,1191.34883333334,22584.372740019,0.0,0.0,0.0,2021-06-03 12:00:00
INS-W_1044,2021-06-04,allday,0.594135802469136,6.0,1830.97849618608,1079.61983333334,43441.1610669281,0.0,0.0,0.0,2021-06-04 12:00:00
INS-W_1044,2021-06-05,allday,0.635802469135803,5.0,2092.87910328284,1190.28631666667,34931.6785920686,0.0,0.0,0.0,2021-06-05 12:00:00
INS-W_1044,2021-06-06,allday,0.702160493827161,2.0,433.670957828346,1143.64758333334,12204.2539370309,0.0,0.0,0.0,2021-06-06 12:00:00
INS-W_1077,2021-03-29,allday,0.756448412698413,1.0,0.0,1426.94596666668,802.595651014407,0.0,0.0,0.0,2021-03-29 12:00:00
INS-W_1077,2021-03-30,allday,0.756448412698413,1.0,7.07323088988687e-10,1430.95208333334,496.96546876622,0.0,0.0,0.0,2021-03-30 12:00:00
INS-W_1077,2021-03-31,allday,0.756448412698413,1.0,0.0,1434.56473333334,376.260083862739,0.0,0.0,0.0,2021-03-31 12:00:00
INS-W_1077,2021-04-01,allday,0.756448412698413,1.0,0.0,1433.91783333335,481.383669568176,0.0,0.0,0.0,2021-04-01 12:00:00
INS-W_1077,2021-04-02,allday,0.756448412698413,1.0,0.0,1238.70901666667,146.3151417648,0.0,0.0,0.0,2021-04-02 12:00:00
INS-W_1077,2021-04-03,allday,0.756448412698413,1.0,0.0,1437.48388333334,237.327107139116,0.0,0.0,0.0,2021-04-03 12:00:00
INS-W_1077,2021-04-04,allday,0.756448412698413,1.0,0.0,1281.9654,102.892352607987,0.0,0.0,0.0,2021-04-04 12:00:00
INS-W_1077,2021-04-05,allday,0.756448412698413,1.0,0.0,1437.95660000002,229.936616364236,0.0,0.0,0.0,2021-04-05 12:00:00
INS-W_1077,2021-04-06,allday,0.725859788359788,3.0,102.351762631553,1396.97143333334,2622.76793165307,0.0,0.0,0.0,2021-04-06 12:00:00
INS-W_1077,2021-04-07,allday,0.756448412698413,1.0,0.0,1143.9285,160.6007168494,0.0,0.0,0.0,2021-04-07 12:00:00
INS-W_1077,2021-04-08,allday,0.756448412698413,1.0,0.0,1412.08728333334,966.570314772905,0.0,0.0,0.0,2021-04-08 12:00:00
INS-W_1077,2021-04-09,allday,0.756448412698413,1.0,0.0,1417.81756666668,1468.56782273309,0.0,0.0,0.0,2021-04-09 12:00:00
INS-W_1077,2021-04-10,allday,0.756448412698413,1.0,0.0,1412.96291666667,1624.89468262243,0.0,0.0,0.0,2021-04-10 12:00:00
INS-W_1077,2021-04-11,allday,0.756448412698413,1.0,1.4146461779773701e-09,1423.30433333335,1261.99888689285,0.0,0.0,0.0,2021-04-11 12:00:00
INS-W_1077,2021-04-12,allday,0.756448412698413,1.0,1.91684814978772e-09,1427.75620000002,1995.08086577612,0.0,0.0,0.0,2021-04-12 12:00:00
INS-W_1077,2021-04-13,allday,0.756448412698413,1.0,1.91684720132385e-09,1432.52206666668,1862.38626112975,0.0,0.0,0.0,2021-04-13 12:00:00
INS-W_1077,2021-04-14,allday,0.725694444444444,4.0,477.97832824136,1371.81106666667,10553.1560362393,0.0,0.0,0.0,2021-04-14 12:00:00
INS-W_1077,2021-04-15,allday,0.756448412698413,1.0,0.0,1387.95016666668,4148.61544142089,0.0,0.0,0.0,2021-04-15 12:00:00
INS-W_1077,2021-04-16,allday,0.756448412698413,1.0,0.0,1418.95676666669,1804.77191244445,0.0,0.0,0.0,2021-04-16 12:00:00
INS-W_1077,2021-04-17,allday,0.756448412698413,1.0,0.0,1373.95610000001,4323.26003354264,0.0,0.0,0.0,2021-04-17 12:00:00
INS-W_1077,2021-04-18,allday,0.756448412698413,1.0,0.0,1412.95810000002,1829.77899786315,0.0,0.0,0.0,2021-04-18 12:00:00
INS-W_1077,2021-04-19,allday,0.756448412698413,1.0,0.0,1294.71318333334,2505.79774483452,0.0,0.0,0.0,2021-04-19 12:00:00
INS-W_1077,2021-04-20,allday,0.756448412698413,1.0,0.0,1016.22016666668,529.650687078517,0.0,0.0,0.0,2021-04-20 12:00:00
INS-W_1077,2021-04-21,allday,0.72635582010582,1.0,0.0,1408.66813333334,1726.66194825125,0.0,0.0,0.0,2021-04-21 12:00:00
INS-W_1077,2021-04-22,allday,0.693783068783069,5.0,345.984596788333,1324.24311666668,9802.76396024172,0.0,0.0,0.0,2021-04-22 12:00:00
INS-W_1077,2021-04-23,allday,0.635333994708995,1.0,0.0,1199.97116666668,2928.74273515302,0.0,0.0,0.0,2021-04-23 12:00:00
INS-W_1077,2021-04-24,allday,0.756448412698413,1.0,0.0,719.674550000002,668.094332319807,0.0,0.0,0.0,2021-04-24 12:00:00
INS-W_1077,2021-04-25,allday,0.756448412698413,1.0,0.0,1325.67635000002,1324.29617707656,0.0,0.0,0.0,2021-04-25 12:00:00
INS-W_1077,2021-04-26,allday,0.726934523809524,8.0,686.545059773803,1357.82593333334,12458.5943224776,0.0,0.0,0.0,2021-04-26 12:00:00
INS-W_1077,2021-04-27,allday,0.756448412698413,1.0,0.0,1434.94670000002,443.996514014919,0.0,0.0,0.0,2021-04-27 12:00:00
INS-W_1077,2021-04-28,allday,0.756448412698413,1.0,0.0,1427.94600000002,792.648232880766,0.0,0.0,0.0,2021-04-28 12:00:00
INS-W_1077,2021-04-29,allday,0.756448412698413,1.0,0.0,1431.95918333335,479.679016419524,0.0,0.0,0.0,2021-04-29 12:00:00
INS-W_1077,2021-04-30,allday,0.756448412698413,1.0,0.0,1435.70436666668,220.01740602722,0.0,0.0,0.0,2021-04-30 12:00:00
INS-W_1077,2021-05-01,allday,0.756448412698413,1.0,0.0,1352.50013333334,152.591050801976,0.0,0.0,0.0,2021-05-01 12:00:00
INS-W_1077,2021-05-02,allday,0.756448412698413,1.0,0.0,1439.95500000002,69.2425442190759,0.0,0.0,0.0,2021-05-02 12:00:00
INS-W_1077,2021-05-03,allday,0.756448412698413,1.0,0.0,1383.44495000001,86.2648644890738,0.0,0.0,0.0,2021-05-03 12:00:00
INS-W_1077,2021-05-04,allday,0.756448412698413,1.0,0.0,1437.93926666669,230.833026428846,0.0,0.0,0.0,2021-05-04 12:00:00
INS-W_1077,2021-05-05,allday,0.756448412698413,1.0,0.0,1135.96281666667,250.878242414332,0.0,0.0,0.0,2021-05-05 12:00:00
INS-W_1077,2021-05-06,allday,0.756448412698413,1.0,0.0,1342.70123333334,332.499438363059,0.0,0.0,0.0,2021-05-06 12:00:00
INS-W_1077,2021-05-07,allday,0.756448412698413,1.0,0.0,1438.91655000002,339.373604849793,0.0,0.0,0.0,2021-05-07 12:00:00
INS-W_1077,2021-05-08,allday,0.756448412698413,1.0,0.0,1406.12451666667,256.581108732956,0.0,0.0,0.0,2021-05-08 12:00:00
INS-W_1077,2021-05-09,allday,0.756448412698413,1.0,1.9168458933942903e-09,1433.52246666668,1822.59496122932,0.0,0.0,0.0,2021-05-09 12:00:00
INS-W_1077,2021-05-10,allday,0.756448412698413,1.0,1.9168465233596e-09,1433.68043333335,1671.62593994807,0.0,0.0,0.0,2021-05-10 12:00:00
INS-W_1077,2021-05-11,allday,0.756448412698413,1.0,7.07323088988687e-10,1416.73598333335,2424.52696824657,0.0,0.0,0.0,2021-05-11 12:00:00
INS-W_1077,2021-05-12,allday,0.756448412698413,1.0,0.0,1427.82921666667,1340.16089492461,0.0,0.0,0.0,2021-05-12 12:00:00
INS-W_1077,2021-05-13,allday,0.725363756613757,6.0,304.113705979975,1360.94981666667,5513.18743836362,0.0,0.0,0.0,2021-05-13 12:00:00
INS-W_1077,2021-05-14,allday,0.756448412698413,1.0,7.07323088988687e-10,1434.94335000002,490.583511259367,0.0,0.0,0.0,2021-05-14 12:00:00
INS-W_1077,2021-05-15,allday,0.756448412698413,1.0,0.0,1165.2423,166.934177636382,0.0,0.0,0.0,2021-05-15 12:00:00
INS-W_1077,2021-05-16,allday,0.756448412698413,1.0,0.0,837.30318333334,88.2488105345886,0.0,0.0,0.0,2021-05-16 12:00:00
INS-W_1077,2021-05-17,allday,0.756448412698413,1.0,0.0,1431.65123333335,614.909589494181,0.0,0.0,0.0,2021-05-17 12:00:00
INS-W_1077,2021-05-18,allday,0.756448412698413,1.0,0.0,1425.88203333335,1165.04275054204,0.0,0.0,0.0,2021-05-18 12:00:00
INS-W_1077,2021-05-19,allday,0.756448412698413,1.0,1.91685081742735e-09,1407.78123333335,2490.61272911305,0.0,0.0,0.0,2021-05-19 12:00:00
INS-W_1077,2021-05-20,allday,0.756448412698413,1.0,0.0,1403.85696666667,2214.47671574351,0.0,0.0,0.0,2021-05-20 12:00:00
INS-W_1077,2021-05-21,allday,0.519345238095238,5.0,16754.3022670064,801.851000000005,45926.2351212111,0.0,0.0,0.0,2021-05-21 12:00:00
INS-W_1077,2021-05-22,allday,0.217757936507937,1.0,7.07323088988687e-10,0.0,158.535150540211,0.0,0.0,0.0,2021-05-22 12:00:00
INS-W_1077,2021-05-23,allday,0.202380952380952,3.0,85.9319983767381,0.0,3709.69449885311,0.0,39.0,2.99955,2021-05-23 12:00:00
INS-W_1077,2021-05-24,allday,0.209325396825397,3.0,94.4534543436894,0.0,4214.37717187982,0.0,17.0021833333333,5.00016666666667,2021-05-24 12:00:00
INS-W_1077,2021-05-25,allday,0.217757936507937,1.0,0.0,0.0,3393.32109697614,0.0,0.0,0.0,2021-05-25 12:00:00
INS-W_1077,2021-05-26,allday,0.217757936507937,1.0,0.0,0.0,3323.51522350323,0.0,0.0,0.0,2021-05-26 12:00:00
INS-W_1077,2021-05-27,allday,0.217757936507937,1.0,7.07323088988687e-10,0.0,3546.92180380914,0.0,0.0,0.0,2021-05-27 12:00:00
INS-W_1077,2021-05-28,allday,0.201388888888889,3.0,188.89872162764,0.0,5197.72611345984,0.0,4.00001666666667,0.0,2021-05-28 12:00:00
INS-W_1077,2021-05-29,allday,0.175595238095238,14.0,399.894705322618,0.0,17133.0084487227,70.9979833333333,51.9992833333333,0.0,2021-05-29 12:00:00
INS-W_1077,2021-05-30,allday,0.217757936507937,1.0,0.0,0.0,9535.39286736757,0.0,0.0,0.0,2021-05-30 12:00:00
INS-W_1077,2021-05-31,allday,0.193948412698413,10.0,174.621629285749,0.0,6090.13813460545,26.9985166666667,69.9904833333333,0.0,2021-05-31 12:00:00
INS-W_1077,2021-06-01,allday,0.217757936507937,1.0,7.07323088988687e-10,0.0,2000.43386273127,0.0,0.0,0.0,2021-06-01 12:00:00
INS-W_1077,2021-06-02,allday,0.209821428571429,3.0,129.931255981902,0.0,3482.87437003126,0.0,8.0005,0.999983333333333,2021-06-02 12:00:00
INS-W_1077,2021-06-03,allday,0.201388888888889,6.0,232.475242114408,0.0,7927.95356252859,0.0,22.9984833333333,363.8256,2021-06-03 12:00:00
INS-W_1077,2021-06-04,allday,0.183531746031746,7.0,698.928183352455,0.0,18469.2109164122,39.9955,61.9994833333333,0.0,2021-06-04 12:00:00
INS-W_1077,2021-06-05,allday,0.211309523809524,5.0,119.245302863214,0.0,6951.56697997493,0.0,8.99871666666667,0.0,2021-06-05 12:00:00
INS-W_1077,2021-06-06,allday,0.219742063492063,1.0,7.07323088988687e-10,0.0,12623.0115945695,0.0,0.0,0.0,2021-06-06 12:00:00
INS-W_923,2021-03-29,allday,0.836805555555556,1.0,0.0,1378.95691666669,5122.77211248786,0.0,0.0,0.0,2021-03-29 12:00:00
INS-W_923,2021-03-30,allday,0.778183621933622,6.0,1076.13642521779,1280.04703333334,14420.8328610681,0.0,7.99988333333333,3.99996666666667,2021-03-30 12:00:00
INS-W_923,2021-03-31,allday,0.836805555555556,1.0,0.0,1395.97076666669,1679.24599197483,0.0,0.0,0.0,2021-03-31 12:00:00
INS-W_923,2021-04-01,allday,0.804969336219336,4.0,857.996270984074,1310.97525000001,21880.8882275693,0.0,0.0,0.0,2021-04-01 12:00:00
INS-W_923,2021-04-02,allday,0.676136363636364,7.0,1654.5998522775,896.035533333341,16109.4914933081,0.0,54.9989833333333,1.99981666666667,2021-04-02 12:00:00
INS-W_923,2021-04-03,allday,0.615530303030303,25.0,3352.89224416181,166.9305,47939.0389453525,17.9998833333333,0.0,0.0,2021-04-03 12:00:00
INS-W_923,2021-04-04,allday,0.773133116883117,2.0,1009.91740386909,1268.94350000001,11070.2801977524,0.0,0.0,0.0,2021-04-04 12:00:00
INS-W_923,2021-04-05,allday,0.836805555555556,1.0,2.03183885226219e-09,1428.92748333335,933.200769465901,0.0,0.0,0.0,2021-04-05 12:00:00
INS-W_923,2021-04-06,allday,0.836805555555556,1.0,1.9047464334378603e-09,1430.91613333334,701.697850007415,0.0,0.0,0.0,2021-04-06 12:00:00
INS-W_923,2021-04-07,allday,0.766188672438672,2.0,913.945811848579,797.018850000006,15397.5351813809,0.0,0.0,0.0,2021-04-07 12:00:00
INS-W_923,2021-04-08,allday,0.781746031746032,1.0,7.07323088988687e-10,17.9992166666667,10292.289420172,0.0,0.0,0.0,2021-04-08 12:00:00
INS-W_923,2021-04-09,allday,0.787698412698413,1.0,0.0,65.99425,9859.01653384687,0.0,0.0,0.0,2021-04-09 12:00:00
INS-W_923,2021-04-10,allday,0.745355339105339,6.0,1630.00044149939,431.8679,28165.7576547738,0.999883333333333,1.00005,0.0,2021-04-10 12:00:00
INS-W_923,2021-04-11,allday,0.836805555555556,1.0,1.90474398965317e-09,1434.78558333335,1201.10957162022,0.0,0.0,0.0,2021-04-11 12:00:00
INS-W_923,2021-04-12,allday,0.722853535353535,5.0,1583.26278788303,1171.89346666667,11597.3088318598,0.999966666666667,9.0012,2.0001,2021-04-12 12:00:00
INS-W_923,2021-04-13,allday,0.740800865800866,5.0,1194.99290179154,1211.19808333334,24497.8984748891,0.0,7.00095,0.99655,2021-04-13 12:00:00
INS-W_923,2021-04-14,allday,0.836805555555556,1.0,0.0,1176.94023333335,37686.2724876026,0.0,0.0,0.0,2021-04-14 12:00:00
INS-W_923,2021-04-15,allday,0.769660894660895,4.0,1044.11708580006,917.649233333341,61090.317241989,0.0,0.0,0.0,2021-04-15 12:00:00
INS-W_923,2021-04-16,allday,0.7129329004329,7.0,2550.94381729471,359.294866666667,87966.3304823265,1.99673333333333,88.0165,2.99255,2021-04-16 12:00:00
INS-W_923,2021-04-17,allday,0.665313852813853,9.0,1068.4169175116,819.960333333334,95312.6923318353,157.992066666667,0.0,0.0,2021-04-17 12:00:00
INS-W_923,2021-04-18,allday,0.643308080808081,11.0,3292.72619685289,1059.90956666667,31334.7415098384,1.00005,12.0106666666667,0.0,2021-04-18 12:00:00
INS-W_923,2021-04-19,allday,0.836805555555556,1.0,0.0,1348.21843333334,732.420431886579,0.0,0.0,0.0,2021-04-19 12:00:00
INS-W_923,2021-04-20,allday,0.836805555555556,1.0,1.90474248930066e-09,1435.88613333336,841.498111047358,0.0,0.0,0.0,2021-04-20 12:00:00
INS-W_923,2021-04-21,allday,0.836805555555556,1.0,1.90474242643545e-09,1427.93633333335,676.946022746825,0.0,0.0,0.0,2021-04-21 12:00:00
INS-W_923,2021-04-22,allday,0.778183621933622,5.0,944.009909353245,1313.95191666667,15319.0910766863,0.99985,2.9999,0.0,2021-04-22 12:00:00
INS-W_923,2021-04-23,allday,0.836805555555556,1.0,7.07323088988687e-10,1389.94355000002,4433.06183073345,0.0,0.0,0.0,2021-04-23 12:00:00
INS-W_923,2021-04-24,allday,0.805555555555556,4.0,924.594329734541,1302.93323333334,17249.4688879342,0.0,0.0,0.0,2021-04-24 12:00:00
INS-W_923,2021-04-25,allday,0.836805555555556,1.0,0.0,1426.93641666669,955.357781172806,0.0,0.0,0.0,2021-04-25 12:00:00
INS-W_923,2021-04-26,allday,0.836805555555556,1.0,7.07323088988687e-10,1407.92946666668,1573.49402012205,0.0,0.0,0.0,2021-04-26 12:00:00
INS-W_923,2021-04-27,allday,0.836805555555556,1.0,0.0,1414.87163333334,1639.2048758184,0.0,0.0,0.0,2021-04-27 12:00:00
INS-W_923,2021-04-28,allday,0.654310966810967,6.0,1888.40395792134,708.87826666667,19560.2717791074,1.00018333333333,15.9978666666667,0.0,2021-04-28 12:00:00
INS-W_923,2021-04-29,allday,0.646464646464646,5.0,1660.1328401608,1101.95956666667,17636.2809118328,0.0,3.00055,0.0,2021-04-29 12:00:00
INS-W_923,2021-04-30,allday,0.800595238095238,2.0,878.153630809946,1363.93970000002,6215.69256640281,0.0,0.0,0.0,2021-04-30 12:00:00
INS-W_923,2021-05-01,allday,0.613726551226551,11.0,3994.67978944182,1031.937,46429.3947543928,1.00021666666667,9.99245,0.999983333333333,2021-05-01 12:00:00
INS-W_923,2021-05-02,allday,0.836805555555556,1.0,7.07323088988687e-10,1422.20771666667,939.927621367598,0.0,0.0,0.0,2021-05-02 12:00:00
INS-W_923,2021-05-03,allday,0.836805555555556,1.0,0.0,1434.90390000002,654.326986513436,0.0,0.0,0.0,2021-05-03 12:00:00
INS-W_923,2021-05-04,allday,0.656475468975469,6.0,1840.20261098128,1056.92276666667,29722.3889238422,1.99983333333333,21.9987833333333,4.00006666666667,2021-05-04 12:00:00
INS-W_923,2021-05-05,allday,0.829861111111111,1.0,0.0,1409.95495000002,1496.05955351563,0.0,0.0,0.0,2021-05-05 12:00:00
INS-W_923,2021-05-06,allday,0.496798340548341,20.0,370497.076860979,841.495516666669,1256471.85381344,20.0000833333333,12.9996333333333,0.0,2021-05-06 12:00:00
INS-W_923,2021-05-07,allday,0.025297619047619,7.0,800.739527797565,0.0,30312.7304392289,0.0,0.0,0.0,2021-05-07 12:00:00
INS-W_923,2021-05-08,allday,0.0228174603174603,9.0,4678.11503973076,0.0,69815.4119397227,0.0,0.0,0.0,2021-05-08 12:00:00
INS-W_923,2021-05-09,allday,0.0233134920634921,7.0,11515.4757760883,0.0,144241.293811073,0.0,0.0,0.0,2021-05-09 12:00:00
INS-W_923,2021-05-10,allday,0.0486111111111111,15.0,424117.926025383,2.99995,1187553.57535794,2.99943333333333,8.00453333333333,0.0,2021-05-10 12:00:00
INS-W_923,2021-05-11,allday,0.725514069264069,6.0,1360.98041585373,834.969150000007,24431.8415924011,0.0,1.99988333333333,0.0,2021-05-11 12:00:00
INS-W_923,2021-05-12,allday,0.761318542568543,5.0,1049.76479701233,122.993766666667,17492.2582446265,0.0,2.00143333333333,3.99995,2021-05-12 12:00:00
INS-W_923,2021-05-13,allday,0.836805555555556,1.0,0.0,30.9977166666667,11311.8095781311,0.0,0.0,0.0,2021-05-13 12:00:00
INS-W_923,2021-05-14,allday,0.60254329004329,13.0,3045.33126924556,6.99988333333333,33238.0356939799,0.999866666666667,7.00028333333333,0.0,2021-05-14 12:00:00
INS-W_923,2021-05-15,allday,0.468253968253968,10.0,3973.11922698158,814.098500000001,17227.2739458779,0.0,0.0,0.0,2021-05-15 12:00:00
INS-W_923,2021-05-16,allday,0.265737734487735,11.0,2559.67814884951,376.988866666667,35042.8081057411,36.0009,2.99775,0.0,2021-05-16 12:00:00
INS-W_923,2021-05-17,allday,0.836805555555556,1.0,7.07323088988687e-10,1376.95318333335,5755.67670236139,0.0,0.0,0.0,2021-05-17 12:00:00
INS-W_923,2021-05-18,allday,0.836805555555556,1.0,7.07323088988687e-10,1418.86706666667,2350.24984842236,0.0,0.0,0.0,2021-05-18 12:00:00
INS-W_923,2021-05-19,allday,0.836805555555556,1.0,0.0,1426.82948333335,1165.07272236003,0.0,0.0,0.0,2021-05-19 12:00:00
INS-W_923,2021-05-20,allday,0.836805555555556,1.0,0.0,1407.82005000002,2121.96788054094,0.0,0.0,0.0,2021-05-20 12:00:00
INS-W_923,2021-05-21,allday,0.623241341991342,10.0,2250.63559083712,479.41135,18286.3581345443,2.00001666666667,2.00055,200.99985,2021-05-21 12:00:00
INS-W_923,2021-05-22,allday,0.623962842712843,7.0,2780.39196007249,384.981883333334,24804.075710614,0.0,0.999983333333333,0.0,2021-05-22 12:00:00
INS-W_923,2021-05-23,allday,0.543876262626263,16.0,3275.54634396342,910.54195,66862.9920002983,4.9967,0.0,0.0,2021-05-23 12:00:00
INS-W_923,2021-05-24,allday,0.801497113997114,6.0,462.867725540584,1339.38126666668,21959.3033370881,0.0,1.00008333333333,0.0,2021-05-24 12:00:00
INS-W_923,2021-05-25,allday,0.836805555555556,1.0,7.07323088988687e-10,1403.51981666669,1563.78498601603,0.0,0.0,0.0,2021-05-25 12:00:00
INS-W_923,2021-05-26,allday,0.836805555555556,1.0,0.0,1403.94295000002,1540.3344587908,0.0,0.0,0.0,2021-05-26 12:00:00
INS-W_923,2021-05-27,allday,0.836805555555556,1.0,0.0,1409.94773333335,1343.24195467361,0.0,0.0,0.0,2021-05-27 12:00:00
INS-W_923,2021-05-28,allday,0.735344516594517,8.0,1184.93489878844,1245.94980000001,14763.1525824433,0.999966666666667,20.9999666666667,0.0,2021-05-28 12:00:00
INS-W_923,2021-05-29,allday,0.704996392496392,7.0,1406.83564980961,1023.39143333335,22810.72950544,0.0,1.99976666666667,6.0005,2021-05-29 12:00:00
INS-W_923,2021-05-30,allday,0.521690115440115,10.0,5127.77017068424,731.546116666667,63754.6966597488,197.992116666667,0.999983333333333,0.0,2021-05-30 12:00:00
INS-W_923,2021-05-31,allday,0.767361111111111,7.0,1247.12518911041,1285.9521,14631.9984900598,0.0,1.00068333333333,0.0,2021-05-31 12:00:00
INS-W_923,2021-06-01,allday,0.600829725829726,8.0,1983.06967055218,622.391266666668,24218.9389096273,0.0,11.9993833333333,1.00116666666667,2021-06-01 12:00:00
INS-W_923,2021-06-02,allday,0.813988095238095,1.0,7.07323088988687e-10,816.161750000006,4345.42545156087,0.0,0.0,0.0,2021-06-02 12:00:00
INS-W_923,2021-06-03,allday,0.836805555555556,1.0,7.07323088988687e-10,1433.77181666668,1423.24118488828,0.0,0.0,0.0,2021-06-03 12:00:00
INS-W_923,2021-06-04,allday,0.836805555555556,1.0,1.9047434398238703e-09,1423.73690000002,1794.65712868225,0.0,0.0,0.0,2021-06-04 12:00:00
INS-W_923,2021-06-05,allday,0.715999278499278,7.0,1750.73591738657,1186.89853333333,19602.396776773,1.00126666666667,0.0,0.0,2021-06-05 12:00:00
INS-W_923,2021-06-06,allday,0.590818903318903,11.0,3817.67754614372,647.759283333337,34584.953437253,1.00135,5.99845,120.995983333333,2021-06-06 12:00:00
INS-W_963,2021-03-29,allday,0.936315496098105,1.0,0.0,1423.95688333335,1185.83021763595,0.0,0.0,0.0,2021-03-29 12:00:00
INS-W_963,2021-03-30,allday,0.864734299516908,2.0,78.4295757676426,1337.49525000001,5332.35417636607,0.0,0.0,0.0,2021-03-30 12:00:00
INS-W_963,2021-03-31,allday,0.936315496098105,1.0,0.0,1344.76915000002,6316.63561680561,0.0,0.0,0.0,2021-03-31 12:00:00
INS-W_963,2021-04-01,allday,0.8695419918246,3.0,370.064128392805,1123.76410000001,13761.0483974585,0.0,0.0,0.0,2021-04-01 12:00:00
INS-W_963,2021-04-02,allday,0.936315496098105,1.0,0.0,1114.07515000001,9571.88091318785,0.0,0.0,0.0,2021-04-02 12:00:00
INS-W_963,2021-04-03,allday,0.904264214046823,2.0,404.707375363163,1207.92225000001,11219.5560921922,0.0,0.0,0.0,2021-04-03 12:00:00
INS-W_963,2021-04-04,allday,0.868984578223709,5.0,729.684335542299,1316.80820000001,11172.250482108,0.0,0.0,0.0,2021-04-04 12:00:00
INS-W_963,2021-04-05,allday,0.867939427722036,5.0,762.382867077453,1311.83286666667,12204.893994106,0.0,0.0,0.0,2021-04-05 12:00:00
INS-W_963,2021-04-06,allday,0.936315496098105,1.0,0.0,1226.06936666668,1120.01879229829,0.0,0.0,0.0,2021-04-06 12:00:00
INS-W_963,2021-04-07,allday,0.861482720178372,6.0,990.799420241033,643.618666666669,16203.563185405,0.0,0.0,0.0,2021-04-07 12:00:00
INS-W_963,2021-04-08,allday,0.936315496098105,1.0,0.0,1271.72130000002,10607.0769640181,0.0,0.0,0.0,2021-04-08 12:00:00
INS-W_963,2021-04-09,allday,0.936315496098105,1.0,0.0,1239.74096666668,11861.1272459115,0.0,0.0,0.0,2021-04-09 12:00:00
INS-W_963,2021-04-10,allday,0.785628019323672,3.0,424.441883511908,951.105583333341,11240.4480849511,0.0,0.0,0.0,2021-04-10 12:00:00
INS-W_963,2021-04-11,allday,0.233022110739502,3.0,174.125031287901,360.981083333333,2242.73155276268,0.0,0.0,0.0,2021-04-11 12:00:00
INS-W_963,2021-04-12,allday,0.936315496098105,1.0,0.0,1422.81480000002,1096.36975611018,0.0,0.0,0.0,2021-04-12 12:00:00
INS-W_963,2021-04-13,allday,0.936315496098105,1.0,7.07323088988687e-10,1424.95551666669,913.60956563732,0.0,0.0,0.0,2021-04-13 12:00:00
INS-W_963,2021-04-14,allday,0.639701783723523,1.0,0.0,973.947450000009,308.941751355292,0.0,0.0,0.0,2021-04-14 12:00:00
INS-W_963,2021-04-15,allday,,,,,,,,,2021-04-15 12:00:00
INS-W_963,2021-04-16,allday,,,,,,,,,2021-04-16 12:00:00
INS-W_963,2021-04-17,allday,0.382083797844667,6.0,2720.69196264502,557.332533333333,27671.3924667037,0.0,0.0,0.0,2021-04-17 12:00:00
INS-W_963,2021-04-18,allday,0.904264214046823,3.0,348.82291696653,979.386766666667,9941.9354203747,0.0,0.0,0.0,2021-04-18 12:00:00
INS-W_963,2021-04-19,allday,0.936315496098105,1.0,0.0,1374.88491666669,9659.28972515927,0.0,0.0,0.0,2021-04-19 12:00:00
INS-W_963,2021-04-20,allday,0.904264214046823,3.0,306.337282393291,1197.37986666668,11674.4790909598,0.0,0.0,0.0,2021-04-20 12:00:00
INS-W_963,2021-04-21,allday,0.936315496098105,1.0,0.0,1422.95290000002,1084.68871286108,0.0,0.0,0.0,2021-04-21 12:00:00
INS-W_963,2021-04-22,allday,0.936315496098105,1.0,0.0,1408.214,535.120296368151,0.0,0.0,0.0,2021-04-22 12:00:00
INS-W_963,2021-04-23,allday,0.862597547380156,2.0,97.7870827642286,857.18243333334,9878.61029633517,0.0,0.0,0.0,2021-04-23 12:00:00
INS-W_963,2021-04-24,allday,0.936315496098105,1.0,7.07323088988687e-10,624.086766666669,7326.97539051538,0.0,0.0,0.0,2021-04-24 12:00:00
INS-W_963,2021-04-25,allday,0.936315496098105,1.0,1.9015252389858204e-09,1261.76375000002,11437.0368667662,0.0,0.0,0.0,2021-04-25 12:00:00
INS-W_963,2021-04-26,allday,0.936315496098105,1.0,0.0,1370.65978333335,5096.3835903526,0.0,0.0,0.0,2021-04-26 12:00:00
INS-W_963,2021-04-27,allday,0.936315496098105,1.0,0.0,923.568950000007,2623.01952664033,0.0,0.0,0.0,2021-04-27 12:00:00
INS-W_963,2021-04-28,allday,0.936315496098105,1.0,0.0,837.685983333339,346.322221874724,0.0,0.0,0.0,2021-04-28 12:00:00
INS-W_963,2021-04-29,allday,0.936315496098105,1.0,0.0,1434.91390000002,543.84167051472,0.0,0.0,0.0,2021-04-29 12:00:00
INS-W_963,2021-04-30,allday,0.936315496098105,1.0,0.0,1433.91056666669,533.569891372694,0.0,0.0,0.0,2021-04-30 12:00:00
INS-W_963,2021-05-01,allday,0.936315496098105,1.0,1.4146461779773701e-09,1431.91225000002,698.649166679554,0.0,0.0,0.0,2021-05-01 12:00:00
INS-W_963,2021-05-02,allday,0.936315496098105,1.0,0.0,956.187500000001,579.064807270406,0.0,0.0,0.0,2021-05-02 12:00:00
INS-W_963,2021-05-03,allday,0.936315496098105,1.0,0.0,594.938816666668,173.685409077595,0.0,0.0,0.0,2021-05-03 12:00:00
INS-W_963,2021-05-04,allday,0.936315496098105,1.0,0.0,1437.93875000002,255.784171889463,0.0,0.0,0.0,2021-05-04 12:00:00
INS-W_963,2021-05-05,allday,0.936315496098105,1.0,0.0,696.977083333335,645.300311153054,0.0,0.0,0.0,2021-05-05 12:00:00
INS-W_963,2021-05-06,allday,0.936315496098105,1.0,0.0,1314.72358333335,384.895110693507,0.0,0.0,0.0,2021-05-06 12:00:00
INS-W_963,2021-05-07,allday,0.936315496098105,1.0,0.0,1430.89166666667,914.823092004571,0.0,0.0,0.0,2021-05-07 12:00:00
INS-W_963,2021-05-08,allday,0.863642697881828,7.0,2263.96172012688,1047.13846666667,26029.5886263939,0.0,0.0,0.0,2021-05-08 12:00:00
INS-W_963,2021-05-09,allday,0.936315496098105,1.0,1.4146461779773701e-09,827.779616666673,705.330907796774,0.0,0.0,0.0,2021-05-09 12:00:00
INS-W_963,2021-05-10,allday,0.936315496098105,1.0,7.07323088988687e-10,1430.87956666669,671.1171720819,0.0,0.0,0.0,2021-05-10 12:00:00
INS-W_963,2021-05-11,allday,0.936315496098105,1.0,0.0,944.260733333337,312.777223677964,0.0,0.0,0.0,2021-05-11 12:00:00
INS-W_963,2021-05-12,allday,0.936315496098105,1.0,1.4146461779773701e-09,893.46268333334,192.802098107121,0.0,0.0,0.0,2021-05-12 12:00:00
INS-W_963,2021-05-13,allday,0.865268487551096,6.0,692.814493981797,1332.94025000001,11884.5860690039,0.0,0.0,0.0,2021-05-13 12:00:00
INS-W_963,2021-05-14,allday,0.936315496098105,1.0,0.0,1415.94978333335,4517.7310834223,0.0,0.0,0.0,2021-05-14 12:00:00
INS-W_963,2021-05-15,allday,0.936315496098105,1.0,1.9015305903910402e-09,1409.96256666669,5868.76304820262,0.0,0.0,0.0,2021-05-15 12:00:00
INS-W_963,2021-05-16,allday,0.935781308063917,1.0,0.0,1363.61468333335,4447.62879956497,0.0,0.0,0.0,2021-05-16 12:00:00
INS-W_963,2021-05-17,allday,0.936315496098105,1.0,0.0,1390.89241666667,3409.8422458384,0.0,0.0,0.0,2021-05-17 12:00:00
INS-W_963,2021-05-18,allday,0.936315496098105,1.0,0.0,869.17085,1231.8426326745,0.0,0.0,0.0,2021-05-18 12:00:00
INS-W_963,2021-05-19,allday,0.936315496098105,1.0,0.0,942.432950000009,2811.73226509387,0.0,0.0,0.0,2021-05-19 12:00:00
INS-W_963,2021-05-20,allday,0.903195837978447,5.0,540.482536694625,1305.93473333334,16874.689875912,0.0,0.0,0.0,2021-05-20 12:00:00
INS-W_963,2021-05-21,allday,0.936315496098105,1.0,0.0,1334.95406666668,16294.3205474422,0.0,0.0,0.0,2021-05-21 12:00:00
INS-W_963,2021-05-22,allday,0.649340393905611,11.0,2999.68153954648,867.972400000005,52844.4706683922,0.0,0.0,0.0,2021-05-22 12:00:00
INS-W_963,2021-05-23,allday,0.936315496098105,1.0,7.07323088988687e-10,1398.85590000002,2791.18775292476,0.0,0.0,0.0,2021-05-23 12:00:00
INS-W_963,2021-05-24,allday,0.936315496098105,1.0,7.07323088988687e-10,1400.94430000002,3074.97580180257,0.0,0.0,0.0,2021-05-24 12:00:00
INS-W_963,2021-05-25,allday,0.550469156447417,3.0,1561.98500346638,737.966416666669,10481.491670267,0.0,0.0,0.0,2021-05-25 12:00:00
INS-W_963,2021-05-26,allday,0.936315496098105,1.0,0.0,1424.83271666668,949.780298142555,0.0,0.0,0.0,2021-05-26 12:00:00
INS-W_963,2021-05-27,allday,0.936315496098105,1.0,0.0,1385.87716666667,1489.25620162651,0.0,0.0,0.0,2021-05-27 12:00:00
INS-W_963,2021-05-28,allday,0.464418431809736,14.0,3920.03530502182,651.972000000001,52307.4520274204,25.9993166666667,7.99858333333333,3.00098333333333,2021-05-28 12:00:00
INS-W_963,2021-05-29,allday,0.936315496098105,1.0,0.0,1412.67231666667,2888.3865947346,0.0,0.0,0.0,2021-05-29 12:00:00
INS-W_963,2021-05-30,allday,0.507176700111483,8.0,2101.13332018013,705.960266666668,24171.3281789848,0.0,0.0,0.0,2021-05-30 12:00:00
INS-W_963,2021-05-31,allday,0.936315496098105,1.0,7.07323088988687e-10,1415.68488333334,1786.36268501355,0.0,0.0,0.0,2021-05-31 12:00:00
INS-W_963,2021-06-01,allday,0.936315496098105,1.0,0.0,1299.01238333335,9139.62822066615,0.0,0.0,0.0,2021-06-01 12:00:00
INS-W_963,2021-06-02,allday,0.936315496098105,1.0,0.0,1221.68008333334,12546.5010447081,0.0,0.0,0.0,2021-06-02 12:00:00
INS-W_963,2021-06-03,allday,0.936315496098105,1.0,0.0,1235.38038333335,13434.749243188,0.0,0.0,0.0,2021-06-03 12:00:00
INS-W_963,2021-06-04,allday,0.508779264214047,7.0,2006.92989079909,613.914883333333,44891.1691415169,0.0,0.0,0.0,2021-06-04 12:00:00
INS-W_963,2021-06-05,allday,0.936315496098105,1.0,0.0,1278.4059,4561.39290907996,0.0,0.0,0.0,2021-06-05 12:00:00
INS-W_963,2021-06-06,allday,0.86310850984764,7.0,1696.37260031825,1270.92968333334,36896.0509171707,0.0,0.0,0.0,2021-06-06 12:00:00
